Iterations,x2,F-Error
1,0.459933975926867,0.005941765372773189
2,0.453996808465009,4.597910915171699e-06
3,0.45399221056204214,7.94830867789642e-12
